Review,Target
"?????????  ??????  ???? ???? ???????  ??? ??????? ???? ???? ????? ?????, ?? ???????  ??? ????? ???? ?????? ",1
??????? ??????! ??? ?????? ??????? ??? ??????? ???????,1
??????? ??? ?????? ?????? ????? ?????? ?????? ???? ??? ????? ????????? ???? ???? ???????? ??? ??? ???? ???? ???? ???? ?? ??? ?????? ????? ?? ?????? ????? ???? ????? ??? ????? ??? ???? ???? ??????,0
???? ???? ?????? ???? ???? ???? ???? ????,1
??? ????? ???? ????,1
"???? ??????? ?????? ???? ?? ???? ????? ???? ???? ??? ????, ???? ??? ?????",1
???? ???? ???? ?????????? ????? ????? ???????? ? ??? ??????? ??????? ??????????? ???????? ???? ??? ????? ?????? ?? ???? ??,0
???? ???? ???????? ???????? ???? ??????????? ?????? ?? ??????? ?? ?? ??????? ???????? ???? ??????,0
"????? ??????? ????, ??? ??????/?????? ??????? ??? ???????? ???????? ???? ?% ? ?? ?????",0
?????? ??? ?? ??? ?? ????? ???? ??????? ???? ????? ???? ????? ????????? ??? ??? ????????????? ?? ???? ????? ??? ?????? ???? ?????,0
"???????? ??? ?????????, ???? ???? ?????? ??????? ???? ?????? ?? ???",0
"?????? ????? ??, ??? ???? ?????? ??? ?? ??? ??????? ????? ? ??? ???",0
?????? ??????? ??????? ?? ????? ???? ????? ????? ??? ??? ?????? ?? ???? ?????,0
???? ???,0
??? ?????? ? ????  ???? ?????? ????? ?? ????,1
"????????? ???? ???? ??? , ???? ???? ??? ???? ??? ???? ???",1
?????? ??? ??? ????? ???? ??? ???? ????? ????? ???????,1
?????? ?? ???? ???? ????? ??? ???? ????? ??????? ???? ??,1
"???? ???? ???????? ?????, ??? ??????? ?????????.",1
??? ??????? ???? ???? ??????,1
?????? ?? ???? ???? ?????? ????.....,0
"??? ???? ,, ??? ???? ????,, ??? ????? ?? ???? ??? ????? ????? ???,,",0
???????? ????????????? ???? ?? ?????? ???? ???,1
??? ??? ???? ??????? ????????? ????? ???,0
"???? ??? ???? ?????? ????????,????? ??? ???,?????? ??????? ??????????? ???? ???? ???,??? ?????",1
????? ????????? ?? ???? ??????? ??? ?????? ???? ????? ????????,0
????? ??????? ??? ????? ??? ???? ???? ??????,0
"???? ??? ???, ??? ?? ?????",0
??? ????? ??????? ????? ?????? ???? ???? ????? ????? ????? ???? ??????? ????? ??????? ???? ???? ?? ????- ???? ?? ??? ???? ??? ????? ?? ???? ????? ?????? ?????,0
"???, ????, ???????? ????? ??? ???????? ???????, ?? ???? ????? ???? ???? ???? ??? ???? ???? ???????? ???? ??? ???? ?? ??????????? ???? ?????? ???, ?? ??? ??? ?????? ??? ???",0
?????? ??? ? ???? ???? ???? ?????? ??????,0
????? ??? ??? ????? ?????? ??,0
???????? ???? ???,1
"???, ????, ???????? ????? ??? ???????? ???????, ?? ???? ????? ???? ???? ???? ??? ???? ???? ???????? ???? ??? ???? ?? ??????????? ???? ?????? ???, ?? ??? ??? ?????? ??? ???",0
"??? ??? ??? ???, ?????? ?????????? ??? ???? ????? ???? ??? ???",1
???? ????? ?????? ???? ???? ????,0
"? ?? ????? ?????? ????????, ??????? ???? ??? ?????? ??? ????? ????? ??? ??????? ????? ??? ????? ????? ????? ???????? ?????? ??????? ????? ???????? ?????",1
???? ?? ??? ???? ,0
"??? ??? ???? ??????? ?????????? ????????, ???? ???? ???? ??? ?????? ???? ?????? ??? ??????? ???? ???? ???????? ????",0
????,0
??????? ???????????? ??????? ??? ??? ????? ???? ??????? ?????? ???????? ??? ???? ???? ?? ???? ??? ???? ???? ???? ????? ?????,0
??????? ??????? ??????? ????? ???? ?????? ???????? ??? ??????? ?????? ??? ?????? ???????? ?? ??? ??? ???? ?????? ????????? ?????? ????? ???? ??? ???? ??????? ???? ??? ???? ???? ?????????? ??????????!,0
????? ????? ???? ??? ?? ???,0
?????? ??? ???? ??? ???? ???? ??????,1
????? ???????? ???? ??? ???? ????? ??????? ?????? ??? ???? ?????? ??????? ??? ????? ??????,0
????????? ?????? ?????? ?????? ??? ?? ??? ????? ???? ??????? ???? .,0
"?????? ???? ?????? ??? ??????,????? ??? ??????, ?? ????? ???? ??????, ??? ???? ??? ?? ???? ??? ??, ????????? ???? ????? ???? ?????",0
???? ????? ??? ?? ????? ?????? ???? ?????? ??? ????? ??? ??? ????? ????????,0
????? ?????? ???? ???? ?????? ????? ????? ????! ,0
????? ?? ???? ??? ???????? ???? ????? ???? ???? ??????,0
???? ????? ????,1
"??? ?????? ?????????, ??????? ??? ?????? ???? ????? ???? ????? ?????? ?-? ?????? ??? ?????????",1
????? ????? ??????? ???? ????? ??? ?????? ???????? ????? ??? ????? ??? ?????? ????? ?????????? ??? ????,0
"????? ????? ??? ????? ???? ??? ?????? ?? ????? ???????? ?????? ???? ?? ????!!! ?????? ????? ???? ????? ??? ??? ??? ??? ???, ?????? ????????? ???? ????????? ????? ??????)",0
???? ????? ???? ?? ???? ???? ???? ????!,0
???? ???? ????? ?????? ?????? ?????? ????? ??????? ????? ???? ?????? ?????? ???? ?????,0
???????? ???,1
"??? ??????? ???????? ???? ???, ??? ???? ??????? ??? ????? ???? ???",1
????????? ???? ????? ???,0
?????????????? ????,1
"????? ???? ???? ???? ???? ???? ??????? ?????? ???, ????? ????, ???? ????? ???? ????? ????? ???????",0
???? ????? ??? ?????? ???? ???,0
???? ???? ?????? ??? ???????? ?????????? ?????? ??????? ???? ??? ?? ?????? ??????? ????? ??? ??????? ?????? ???? ??? ??? ?????? ???? ?????? ?????? ??????? ?????? ??????? ??? ??? ??????? ???????????,0
???? ? ??????? ??? ????? ?????? ??,0
????? ??? ???????? ??,1
?????? ???? ??? ???? ?????,0
???? ????? ???????? ????????? ????? ????? ???? ????? ??????? ???? ???? ??? ????? ??????????? ??????? ????? ????????? ?? ??? ?????????? ??? ???,0
"??????? ?????? ????? ??? ???? ???? ? ????? ???? ??? ???, ??? ? ???????? ???? ???? ???? ???? ???? ???? ????? ????? ??? ??? ? ??? ?????? ????? ???? ???? ?????? ????? ???? ????? ?????? ????? ???? ???? ???? ??, ?? ??? ??? ???? (??? ????) ?? ??????? ????? ???? ????????? ??? ??????? ?????? ????? ???????? ???? ??????",0
???????? ????? ????????? ????? ???? ???? ???? ????? ????? ????? ?????? ??????? ???? ?? ?? ???? ???? ???? ???? ???? ???????? ???? ?????? ?????? ?? ????? ???? ????? ????????????,0
"???? ???? ????? ????, ??? ????? ?????? ???????? ??",0
"??? ? ???????? ????? ????? ????, ????? ????? ???????",1
"???? ????, ??? ?????? ???????? ????? ??????, ???? ?? ????? ???? ????? ????? ?????? ????",0
??????????? ??,0
????? ???? ???? ??? ????? + ????? ???? ??? ???? ??? ????????? ???? ???????? ???? ??????? ??? ??? ??????? ????? ?????? ??? ??? ???????? ?????????? ???????? ??????? ??? ???? ????,1
"????? ?? ???? ??? ???, ?????? ?????? ?????? ?????? ??? ???? ?????? ????",1
"????? ???????????, ??? ??????? ??? ??? ? ?? ??? ??? ????",0
???? ??????? ???????,0
"????? ??????,",0
"???????? ?????, ??? ????? ?????",0
"???????????? ????????? ?????? ???? ??? ???? ????? ?????? ???, ?????? ???? ??? ??? ???? ???? ??, 2 ????? ?? ????? ???? ??? ????? ???????? ?????? ?? ??? ?????, ????? ????? ??????? ?????? ???",0
"???? ???? ???? ???????? ?????,, ??? ?????? ???? ??? ??????? ????????,,",0
?????,0
??? ??,0
???? ?????? ??????,0
???????? ??????? ????? ????,0
??????? ???? ???????? ??????? ??????? ???? ?? ???? ???????? ?????,1
????????,1
?????? ?? ???? ???? ????? ??? ?? ??????? ?? ??? ???? ???? Otherwise ?? ??? ???? ?????? ??? ?? ??????? ??? ??? ????? ????? ??? ???????,1
"???? ????? ???? ???,?????? ?????? ??? ???? ???? ???? ????",1
"????? ????? ???? ???? ???? ???? ??? ???? ??, ??????? ?????? ? ??? ????",1
???? ????? ???? ???? ???? ???????,0
?????????? ???? ???? ???????? ??? ??? ????????? ?? ? ??? ???? ????,1
???? ????? ????? ?????,0
????? ?? ?????,0
"???? ??? ????????? ???? ???? ??? ??? ????? ???????? ? ?????? ???????? ??? ????? ?? ??? ???, ???? ?????? ??? ??? ???? ?????? ?????? ?????????",0
???? ????? ???,0
"??? ?????? ???? ????? ???????? ??????? ??? ?????? ?????? ?? ?????? ???? ???,??? ???????? ?????? ??????? ?????? ?? ?? ????? ? ????? ???? ?????? ??????? ????? ????? ??? ??? ????? ??-?? ????? ??? ???? ???? ????? ?? ?????? ?? ??? ?????? ????? ?? ?? ??????",0
"??? ?????? ?????? ????????, ???? ?????,???? ???????? ???, ?????? ????? ???,",0
???? ??? nai ??? ????,0
????? ???? ???? ???? ?? ????????? ??? ???? ??,0
?????? ???? ?????,0
??? ??????? ???????? ??? ??????? ????? ???? ?????? ???? ?? ??? ??????? ??????? ?? ???????? ? ??? ??? ??????? 3-4 ??? ???? ?????? ????? ????? ???? ??? ?????,0
???? ????? ??????,0
??????? ??? ???? ???? ??? ?????,0
????? ???????,0
???? ????? ???? ?????? ??? ????? ?? ?? ?? ???? ?????? ??? ???????? ??? ?? ??? ?????? ??? ?? ??? ??? ???????? ???? ???? ???????? ????,0
???? ??? ???????? ???????? ?? ???? ?????,0
??????? ?? ???? ???? ??,0
"?????? ???? ??, ???????? ??????? ???? ??????",1
??????? ???????? ??? ?????????? ????? ??? ????? ??? ????? ??????? ????? ?????? ?????! ?? ???????? ??? ?? ????????? ???? ??? ??! ??? ????? ?? ???? ? ???? ??!,0
????? ??? ??? ???? ?????????? ???? ?? ???????? ??? ????? ?? ??? ??????? ??? ??? ?????????? ??? ? ?????? ?????,0
????? ????? ??????? ???? ????? ??? ?????? ???????? ????? ??? ????? ??? ?????? ????? ?????????? ??? ????,0
"????????? ??? ???? ????? ???? ????? ?? ??? ???? ??????? ?????? ?? ?????? ???? ?????? ??? ????,???? ???? ???????? ???? ???? ?????? ????? ???",1
????? ??????? ???? ??,0
?????? ?????????? ???? ????? ??????????????? ??????? ?????? ???? ????? ???????????? ???? ?????? ??????? ????? ?????????,1
??? ???? ???? ?? ????? ?????? ? ??? ???,0
??? ????... ????? ????? ????? ????,0
??? ???? ????? ????? ??? ???? i have no recived my food,0
"???? ???? ???? ??????, ???? ?? ???????? ???",1
??????? ??? ??? ???? ???????? ?????? ???? ????? ???????? ???? ???? ??? ??? ???,0
????? ??? ???? ???? ???? ???? ???? ???????,0
???? ????? ?????? ????????? ??? ???,1
?? ?? ???? ??? ???? ???? ??? ???? ????? ????? ??? ????,0
"?? ?? ???? ??? ??????? ?????, ???????? ??? ????? ??????? ??? ? ???? ????? ??? ????? ??????",0
?? ???? ???? ??? ?????,1
???? ?????? ???? ????! ????? ?? ??????? ????! ?? ???? ??? ???? ?-? ??? ????! ???? ???? ????? ?????! ????? ???????,0
????? ???? ??? ??,0
????? ?? ????? ??? ??? ??? .....???? ????? ??,1
"?? ???? ???? ??? ??,,,?????? ???????? ???? ???,,,",1
"???? ????? ????? ?????????? ?? ?????? ?????? ????????,, ??? ???? ?????",0
????? ?? ???? ???? ??,0
??????? ??? ???,1
???? ???? ???? ???,0
"?????? ???? ?????! ? ????? ?? ???? ?????? ??? ???? ????? ?????, ????? ????, ??? ?? ??????? ??? ???? ?????",1
"??? ??????? ??? ??? ???, ?????? ?? ????????",1
??? ??? ?????? ????? ????? ????? ????? ???? ???????????? ?? ?????? ??? ?? ??? ??? ??? ???? ????? ?? ??????,0
??????? ??? ???? ???? ???? ???,0
??? ?????? ????? ?????? ???? ??? ?????? ???????? ???? ????,1
????? ??????? ????? ?????? ??? ??? ?????????,1
???? ???? ??????,0
????? ???? ?????? ???????? ?? ???? ??? ?????? ??? ???? ???????? ??? ????,1
??????? ??? ???? ????? ??? ??????? ???? ??? ???? ??? ???? ????,1
??????? ?????? ??? ?? ??? ???????? ???????????? ?????,0
???? ???? ????? ??? ????? ???,0
"??? ?????? ???? ????? ?????? ??,?? ?????? ????,??? ??? ?????,?????? ???? ???? ? ??????",1
???? ?,1
"??? ????-??? ????,???? ???? ????????????? ??? ??? ?????? ?????????? ???????? ???? ???? ????????",0
?????? ??? ??? ??? ???? ???? ?? ???? ???,0
?????? ??????? ???? ???,0
????? ??????? ????? ??????? ????? ???? ? ? ???????? ?? ??? ???? ???? ????? ????? ??? ?????? ??????? ??? ????? ?????? ?????? ???? ????????,0
????? ??????? ???????? ????+????? ?????? ?????? ???? ??? ?????.... ????? ????? ????? ??? ????? ???? ???,1
????? ????? ????? ?/?,1
"???? ??? ????? ??????,?? ????? ? ???? ????,??? ??? ???? ???? ????? ??? ????",1
?? ??????? ??????? ????? ????? ???? ??? ???? ????? ???? ???????? ??? ????? ???????? ??? ???? ????????,0
"?????, ?????,?? ???? ?????? ??????? same ? ??? ??? ???? ????? ?????? ????? ??? ??? ??? ????? ???? ??? ???",0
?? ????? ???? ??????? ??????? ?? ???? ???? ???? ???,0
????? ??????? ?? ???,0
??? ???? ?????? ?????? ???? ??? ???,1
?? ???? ????? ? ??? ?????? ????? ???? ?. ?????? ?? ??????? ?????? ??,0
????? ?? ????,1
??????? ??? ???? ???? ???? ?????? ????? ???????? ???? ????????,1
????? ????? ???? ???? ?? ??????? ????? ???????? ??,1
??????? ??? ?????? ???. ??????? ??? ???? ??? ???.,1
???? ????? ?????????? ????? ?????,0
??? ??? ????? ?? ??? ? ?????? ???? ??? ?? ??? ??? ??? ? ?????? ?? ???? ??????? ?? ???? ???? ??? ?????? ???? ?????? ??? ???? ??? ?? ? ???? ????? ????????? ???? ? ??? ???????? ?? ??????? ????? ??? ????????? ????? ????? ???? ?????? ???? ???? ???? ? ??? ????? ?? ???? ???,0
????? ??? ?????? ???? ?? ???? ?????? ????? ???????? ??????? ??? ??? ???? ???? ?????? ?? ???? ???? ????? ????? ?? ? ???? ????? ??? ???? ?? ?????,1
???????? ??? ???? ??? ????? ?????? ???? ?? ?? ?? ????? ??? ?????? ??? ????? ?????? ?????? ????????? ?????? ???? ???? ????? ???? ???? ??? ???? ??? ????????? ?? ????? ?????? ? ??? ???? ????? ????????? ???? ??? ? ????? ???? ??? ??? ????? ????? ???? ?? ???? ??? ??? ? ??? ???? ?? ??? ??:?? ??? ???? ?????? ???? ?? ?????? ?? ????? ????,1
?????? ???? ???? ??,0
????? ???????,0
???????? ????,1
???? ????,1
??????? ???? ???? ?????,1
"?????? ???????? ???? ????, ???????? ????? ?????!",0
??? ?? ?????? ?? ???????? ??? ???? ?????? ?????? ???? ?????,0
???????? ??? ??????? ?????? ?????? ????? ?????? ???,0
??? ????? ??????? ????? ???? ?? ?? ??????? ????? ?? ???? ??? ????????? ?????? ?????? ????? ????? ????????? ?????? ???? ?? ??????? ????? ??? ???????,0
????? ???,1
??????? ??? ???? ????? ??? ??,0
???????? ?? ???? ??? ????? ???? ?????,0
??? ???? ????????? ??????? ??? ???? ???? ??? ?????? ?????? ??? ????? ??? ???? ????? ??????,1
?????? ????????? ?????,0
??? ??? ??? ??????? ???? ????? ?? ???? ???,1
"??? ? ???????? ????? ????? ????, ????? ????? ???????",1
??????????? ??,0
????? ???? ???? ??? ????? + ????? ???? ??? ???? ??? ????????? ???? ???????? ???? ??????? ??? ??? ??????? ????? ?????? ??? ??? ???????? ?????????? ???????? ??????? ??? ???? ????,1
????? ??? ??? ?????? ??????? ?????? ???? ??? ?????! ???? ????? ????? ?????? ??? ???? ???? ????? ?? ??????,1
???? ????? ???? ?????? ??? ????? ?? ?? ?? ???? ?????? ??? ???????? ??? ?? ??? ?????? ??? ?? ??? ??? ???????? ???? ???? ???????? ????,0
"????? ?????? ???? ??? ??? ???,,,????? ???? ???",1
??? ?? ??? ??? ???? ???? ??? ???? ??? ???? ???????? ??? ?? ?????? ????? ?? ????? ?? ???? ??? ??? ????? ???? ?????? ?? ??? ????? ???? ?????? ? ??? ???? ??????? ??,0
"???? ??????? ?????, ??????? ????? ?????? ????? ???????? ?? ??? ???, ??????? ?? ???????",0
??? ???? ?????? ?????? ?????,0
"????? ???, ????? ????? ??????? ? ????? ??? ????? ????????? ???? ??? ???????? ???? ????? ???? ???",0
?????? ?? ???? ??? ??. ?????? ?????? ??????? ?? ?? ????? ???.,0
"????? ????? ??? ?? ?????, ??????? ?????? ????? ??? ??? ???? ???? ??????????? ??? ??? ???? ??? ????????",0
????? ????? ???? ???,0
?? ????? ????? ??? ?????,0
?????????? ???? ???? ???????? ??? ??? ????????? ?? ? ??? ???? ????,1
"????? ????? ???? ????,,???? ?????? ??? ??,, ?????? ???? ???? ??? ??? ???? ??????? ????",0
???? ????? ???? ??????,0
?????? ????? ???????? ???? ???? ?????? ??? ???? ???? ??? ??? ?? ???? ????? ??? ?????? ?????????? ?????? ???? ???? ?????,0
????? ???? ????? ???????????? ????????? ???? ??? ??? ?????? ????,0
??????? ???????? ?????? ????? ????,1
"????? ?????? ????????, ???? ????",0
????? ?????? ??????? ??? ????? ???? ???? ???? ????? ?????? ???? ??? ??? ????? ????????? ?????????????? ?? ???? ????? ??? ??????,0
???????? ???????? ???? ?? ??????? ?????? ???????????? ???? ???,1
?????? ??? ???? ???????? ????? ??? ??? ???????,1
?????? ???? ???? ????? ?? ???,0
???? ?????? ?? ???? ????? ???????? ?????? ??? ??? ????? ???????? ???????? ???? ????? ???? ????? ????? ???,0
????? ?????,0
???? ??????????? ??? ??? ?????? ?????????? ???? ???? ????????,0
"????? ????? ?????? ????,?? ?? ?? ?????",0
????? ???????? ???? ????? ??? ???? ???? ????? ??? ????,1
????? ??? ??? ??? ?? ???? ??????,0
??? ???? ?????? ????? ??????,0
"???? ??? ????????? ???? ???? ??? ??? ????? ???????? ? ?????? ???????? ??? ????? ?? ??? ???, ???? ?????? ??? ??? ???? ?????? ?????? ?????????",0
"???????? ?????? ??????????? ???, ??????? ????? ???????? ????? ???? ????? ???? ?? ??? ??? ??? ?????? ?????? ??????... ????? ?????... ?????? ??????? ?????, ??????? ?????? ?????...",1
????... ?????? ????? ???? ??? ??? ??? ????? ???...,1
"???? ????? ??? ?? ???????????? ???????? ?????? ??? ???, ???? ???? ????",1
"????? ?????? ??? ?? ???? ???????? ?? ?????? ? ??? ??? ?????? ??? ????, ???? ???.. ?????? ???????? ?????? ???????.",0
"??? ?????? ???????????? ???? ???, ???? ?? ???? ?????? ???????? ??? ?? ?????????? ???? ????, ??? ?? ???? ??? ??? ?????? ???? ????? ????? ???? ???? ??? ??? ????? ????? ???? ???? ???? ?????? ?????? ????? ??? ????? ???? ????? ????? ?? ? ?? ?? ???? ?????? ????? ??? ???...",1
?????? ????? ????? ?? ????? ??? ???????? ???? ???? ??? ??/??,1
???? ????? ????,1
????????? ????? ??????? ????? ???? ??? ??? ??? ??? ????? ??? ???,0
??? ?? ?? ??? ????????????? ?????? ????? ??? ???? ???? ?????,1
????? ??????? ?????? ????????? ????,0
????? ?????? ??? ??? ?? ????! ? ?? ??? ?????? ?????????! ?????? ??? ?? ? ???? ??? ???! ??? ???? ??????? ????? ????!,0
Price ?????? ?????? ????,1
??? ?? ???? ??????? ?????? Biryani ?? ???? ??? ??,0
???? ???? ?????,0
???? ????? ? ??? ??? ????? ????,0
???? ???? ?????? ??????? ??????? ????? ??? ???? ????,0
???? ???? ??????? ????,1
????????? ?????? ?? ??? ??? ???? ???,1
????? ??????? ?? ???? ??????? ???? ????? ?????? ??? ???? ????,0
??? ??? ,1
"Very bad ????? ????????? ???? ???? ?????? ????? ?? ???????? ??? ???????, ?????, ??????? ???? ?? ????? ??? ??? ???? ???? ?????? ??????? ???",0
???? ???? ???? ??????? ????! ??? ?????? ???? ? ?? ?? ?? ????? ???? ???? ????! ????? ??????? ?? ???? ???? ??? ???!,0
"????? ???? ???? ?????? ?????????? ??? ?? ????????? ???? ???? ????? ????? ????????? ??????? (??????) ?? ????? ??? ??? ???? ????? ???????? ???? ??? ???????, ??? ?????? ??????? ??? ???????",0
?????? ????? ???????,0
????? ?? ??? ???? ???,1
?????? ??? ?????? ????????,0
"??? ????? ??????,???? ?? ??????? ???? ???",1
"????? ?????? ??? ????? ????, ????? ????? ????, ???? ??????? ??????? ????!!",0
?????? ?? ???? ????? ?????? ???? ???? ??? ?????,0
???? ?? ???? ???? Love Bird ???????????? ,1
????? ???? ???? ?????? ???? ??????? ????? ?? ??????,1
????? ??? ?????? ???? ???? ????? ??????? ??? ??? ???????,1
??? ????? ?? ????? ???????? ??? ???? ????? ??? ??? ???? ?? ???? ??? ???? ????,1
??????? ??? ???? ???? ?????! ??? ?? ????? ???? ???? ????? ?????? ?????? ??? ?????! ??????? ??????? ????? ???? ???? ?? ??? ????? ??? ????? ??? ????? ????? ???? ???? ???? ????????! ?? ????? ??? ???? ???????? ??? ???,0
????? ?? ???? ?????? ????,0
"?????? ??????? ???????? ????? ??? ???? ????? ?????? ????, ??? ?????? ?????? ??? ?????, ????? ????? ???? ?????? ???? ??????? ?? ???? ????? ?????..",0
"??????, ????? ??? ?????? ???? ?????? ???? ?????? ??? ???? ???????",0
???? ????? ???? ?????? ????? ???? ?????? ???,0
???? ?????? ????????????????,1
"??? ???? ???? ?????,?????? ?? ?????? ??????,??? ???? ???",1
"????? ???? order ????????,?????? ????????? ???? ???? ????!????? ???? ????? ??????? ??? ??? ?????!! ???,???? ?? ??? ??????? ???? ??? ?????? ???? ??? ?????? ?????? ????? ???? ????,????????",1
???......... ??? ???.....! ??????????????,1
??????? ????? ????? ???????? ??? ?? ???? ?????? ???? ?????? ??????? ?????? ?? ???? ???? ???? ?????? ??? ???? ??? ??? ??? ????...,1
"??? ????? ??????? ?????? ????? ?????? ??? ??? ???? ??? ?????? ?????? ?????? ??? ???? ?????? ???? ?????? ?????..??? ???? ????? ??? ??? ??? ???? ??, ????? ??? ?? ???? ??? ???? ??????? ????? ????, ?????????? ????, ??? ???? ???? ??? ???? ???? ?? ?????????? ?? ?????? ???? ???? ???? ??, ?? ????? ??? ?? ?????? ????? ?? ?? ???? ??? ???? ????? ??? ??? ???????????? ?? ????? ?????? ??? ???????? ????? ?????? ???????? ?????? ?? ???? ?????? ????, ???, ???? ????????, ????? ?/??",1
"????? ???????? ?? ??? ???? ???? ????? ?????? ?? ???? ???? ???? ??????? ???? ????? ????, ??????? ???? ????? ????? ?????? ????? ??? ?????",0
?????? ?? ???? ???? ???! ?????? ??! ??? ???? ?????????,0
"??????? ????? ???????? ????, ?????? ??????? ?????? ???? ???",1
???? ??- ???? ????- ????? ?????? ??? ??????? ????????,0
??? ????? ?????? ??? ???,0
???? ???? ?????? ????? ?????? ??? ??? ????? ???? ????? ???,0
??? ????? ????? ????? ?????? ???? ?? ????? ???? ??????? ?????? ?????,0
"???, ??? ?????? ???? ????? ??????, ?????????????? ??????? ????????? ????? ????? ?????? ???????? ???? ??????? ????? ???? ????? ??????? ???? ???? ????? ??? ??? ?? ????? ???????? ?????? ???? ?? ?????? ?????? ??? ????",0
"??????? ????? ??????? ??? ???? ??? ??????? ?????? ??????? ????????? ???? ?????? ???? ??? ?? ???????? ???????? ????? ?? ????? ??? ????? ???? ???? ??? ???? ?? ??????? ??? ??? ??????,????? ????? ??? ??????? ??????? ???????? ???? ???? ??? ??? ???? ??? ?? ????????",0
????? ??? ??? ???? ???? ?? ??????? ???? ?????,1
??????? ???? ??? ??????!?????? ??? ???????,0
????? ????? ??????? ???? ???? ????,1
?????? ??????? ?????,1
????????,1
?????,1
?????? ?? ???? ???? ????? ??? ?? ??????? ?? ??? ???? ???? Otherwise ?? ??? ???? ?????? ??? ?? ??????? ??? ??? ????? ????? ??? ???????,1
"???? ????? ???? ???,?????? ?????? ??? ???? ???? ???? ????",1
"????? ????? ???? ???? ???? ???? ??? ???? ??, ??????? ?????? ? ??? ????",1
??????? ???? ????? ?????? ???? ,1
???? ???? 5 ????? ?? ???? ???? ????? ?? ????? ??? ?? ??? ???? ?????? ???? ??? ????? ??????? ??????,0
???? ?????? ????? ???? ?????? ???? ????? ?????? ??? ????? ????? ??????? ????? ????? ?????? ?????? ?????? ?????????,0
????? ???? ?????!!! ??!! ????? ???? ???? ??? ?????? ???? ?????!!!,0
"?????? ???? ???,??? ????? ???? ?????? ??????????????",1
????? ???? ????,1
????? ???? ???? ??,0
???? ?????? ??????,1
??? ?????????? ???? ??????? ??????? ??? ???? ?? ???????? ???? ?????? ???? ????????????? ????? ????? ???? ????? ???? ??? ????? ?????? ???????? ??? ???? ???????? ?? ???? ????? ?????!! ?? ?? ?????? ?????? ???! ????? ???? ???? ?? ??????? ????? ?????? ?????? ???? ???? ?????? ???? ??? ??????,0
?????? ???????? ??? ?????,0
??????? ??? ???,1
"???? ???????? ?? ?????? ???, ??? ????? ??????? ???? ????? ???, ??????? ???? ??,????? ????? ????, ???? ???? ????, ??? ????? ????????",0
???? ????? ??????,0
????? ??????? ???? ???? ??,1
"???? ?????? ????? ?????? ?????, ??????? ??? ???? ????",0
"?????? ????? ??????????, ??? ???????? ??? ?? ???? ????? ???????? ????????? ??? ???? ???????? ?????? ??????? ????? ??????",0
???? ??? ?????? ???? ?????? ????&?????? ?????? ???? ?????? ?????? ?????? ??? ?????? ???? ???? ?????? ???? ??? ??? ??? ????? ???????? ?????,1
?????? ???? ???? ??? ??? ???? ??? ?,0
??????? ????? ????? ????!,0
???? ???????????????? ??? ???? ??? ??? ????? ? ???? ??? ???????,0
???? ??? ??????,1
???? ?????,0
Chicken broast ?? ???? ??? ?? ??? ?????? ???? ??? but rice ?? ???? ????,1
????? ?????? ???? ??? ? ??? ????? ??? ???? ???? ??????? ??? ??? ???? ??? ????,0
"???? ????? ???????? ??????????? ????? ???? ??? ?????? ?????? ????? ????? ???????? ??? ?????? ?????? ???? ???? ?????????? ?????? ??????? ?/? ???? ???? ????? ??? ???? ?????? ??? ???? ?????? ???? ????? ???????? ?????? ???????? ?????? ???? ???????? ?????? ????? ????? ???? ???? ?????? ? ???? ???, ?????? ?? ?????? ???????, ????? ?????? ?? ?????? ?? ??????? ???? ?????? ????? ????? ??? ????? ??? ??????? ?? ??????? ???? ????? ????? ??? ????? ?? ????? ??????? ???? ?????? ??? ?????? ???? ?????? ?????",0
"??? ????? ?????,????? ?????? ??? ???? ,???? ?????????,??? ???????",0
?? ????? ????? ????? ???? ???? ????,1
????,0
???? ???????? ???? ????? ????..??? ???? ???? ????? ???..??????? ??? ????..,1
??????? ???? ???? ????! ????? ???????? ?????? ???! ???? ????? ????? ???????? ???? ??????! ??? ??? ????? ???? ??!,0
???+????? ???? ?/? ?????,1
????? ?? ???? ????? ????? ?? ???? ??? ????????? ?? ???? ???? ? ??? ??? ????? ????? ?? ????? ?? ?? ???? ???? ??? ?? ???? ????? ?????? ???? ????? ???? ????,0
?????? ??????? ????????????,1
???? ???? ?????,0
????? ?????? ????,0
"????? ?? ???? ???? ???? ??? ????? ??????? ??????? ??? ????? ?????? ???? ???? ????? ????? ???? ????? ??? ??? ?? ???? ??? ????? ????? ????, ?? ????? ??????????? ???? ???? ??? ??? ??????",0
???? ????? ?? ?????? ???? ??? ??? ???? ??????? ???? ??? ???? ??? ?????,0
??????? ??????? ???? ????,1
"???? ??? ?? ????? ?? ?????? ?????? ?????? ?? ????? ??? ??? ????? ???? ????? ???? ?? ?????? ????, ???? ???? ????? ?? ???? ?? ???? ???? ????, ??????? ????? ? ???? ???? ??? ?? ?????? ?????? ?? ??????? ????? ???? ??? ?????? ?????? ???? ??? ??? ????? ?? ????? ???? ???? ????? ?????????? ???",0
"???? ???? ????? ?????? ????? ?????? ????? ?? ???????? , ???? ??? ???? ?????????? ????",0
40 ????? ?? chicken ????? ????? ?? ????? ??? ? piece.. 0 out of 10,0
"?????? ???????? ????? ??? ????? ??????? ????? ?????, ????? ????? ??????? ?????? ??? ????",0
???????? ??????? ????? ????,0
??????? ???? ???????? ??????? ??????? ???? ?? ???? ???????? ?????,1
????? ????? ????? ???? ??? ???? ????? ???????? ??? ?? ??????????? ?????? ??????? ??? ??? ???? ??????? ???? ??? ??? ???? ????? ??? ??? ???????? ???????,0
??? ?????? ??? ??? ??? ???? ?? ????? ???? ??? ?? Rating : 10/02,0
"?????? ???? ????? ?????? ?? ???, ???????? ?????? ???? at least ????? ??????? ???. ???? ??? chicken polaw ?????? ???????, ???????? ????? ???? ???",0
?????? ???????? ????????,1
???????? ????? ?? ???? ?????,0
?????? ????? ?? ????????? ???? ????? ???????? ???? ???? ???????? ????? ?? ??? ???????? ???? ? ?????? ????? ????,0
??? ????? ??? ????? ? ???? ??? ???? ???? ???? ??? ????????????? ????? ???? ?????,1
????? ???? ???? ??? ???? ??????? ??? ???? ????,1
"??????????????, ??? ???? ?????, ???? ???? ????? ???????, ?? ?????? ??????? ??? ??? ??????,",1
"????? ????,, ?? ???????? ?????? ???????? ???? ????? ?????",0
????? ?????? ???? ?? ???,0
"good... ???, ???????? ?????? ?????? ????",1
?????? ?????? ??? ? ??? ? ??,0
????? ???? ????? ???,0
????????,1
????? ??????? ????,0
??????? ??????...?? ?? ??? ??? ??? ??? ????????...,1
??????? ???? ???? ?????? ????? ????? ??? ??? ?????? ???????? ????,0
"??? ?????? ???????? buy 1 get 1, ??"" ??????? ???? ???? ?"" ?????? ?? ??? ??, ??????? ???? ?? ?? ???? ??????? ???? ???, ?"" ??????? ??? ?? ???!!!!?, ?? ??????? ??????? ??? ?????, ????? ??????, ??? ???? ??? ????",0
???? ????? ?????? ??? ???? ?????????,1
???? ????? (???????) ???????,0
Very bad..???? ????? ???,0
???? ?????? ?????? ??? ???? ??,1
??? ?????? ?? ?? ???????????,0
??????? ??????? ???? ??????? ??????? ??? ????,0
"???? ???? ????? ??????, ?? ???? ??? ??? ??? ???? ????? ?????",0
"?????? ????? ???? ????? ??? ???? ???, ????? ??? ???? ?????? ???? ????",0
???? ???? ????,0
????,0
???? ?????,0
???? ?? ???? ?? ???????? ????? ???? ???,0
???? ? ???????? ?????? ????? ???? ??? ??? ????? ????? ?????????,0
??? ????????,1
????? ??? ??????? ??? ?? ??? ???? ??????? ?????? ?????? ????? ????? ?? ?? ??? ??? ??? ???? ??????? ??? ????,1
????? ???????? ?,1
? ???? ????? ??? ??? ???????? ??? ??? ???????,1
"????? ????? ???? ????,???????? ??????? ??? ???? ??,??? ?????? ???? ???? ??? ?? ????",0
????? ?????,0
????? ?? ?????,0
???????? ?? ???? ????? ??????? ?????,0
??,0
" ?????? ?????? ???,??? ??????? ????? ?? ???? ??? ?? ???? ???? ??????? ?? ?????? ???? ??? ???????",0
??????? ??? ????? ?? ???,0
???? ????? ????? ?????,0
????? ?? ?????,0
"???????? ?? ????? ???????? ????? ???? ??????,???? ?? ?? ??????? ???? ???? ???? ?? ???? ??????? ?????? ?? ??????? ?????????? ??? ??????? ??? ???",0
??? ???? ????? ????? ???? ??,0
???? ??? ?????? ????,0
???? ??,0
??????? ???? ?? ??????????? ?? ???? ???,0
????? ??????? ???,0
????? ?????? ???? ?.?? ?? ????? ????? ???? ?.?? ?? ????? ?? ?? ????? ?????? ??? ?????? ?? ???? ??? ? ???? ???????? ???? ??? ?????,0
????????? ?? ???!!,0
?????? ? ????? ?????? ?? ?????? ?????,0
"??????? ??? ???? ???? ??????,??????? ????? ??????? ??,??????? ???? ???? ???? ?? ???,??? ?????,,????? ???? ????? ???? ????? ?????,??? ???? ????,",0
??? ???? ???????? ?????? ???????? ????? ?????? ????????? ?????? ??? ?? ???? ??? ?? ?????? ?????????,0
???? ?????? ???? ??? ? ?????? order ????? ???????? ????? ?????? ???? ???? ?????? ????? ??? ???? ???,0
???????? ????,0
??????? ???????? ?? ????? ???????? ????? ???????? ????? ?? ????????? ?????? ??? ????????? ???????? ????? ???? ????? ?????? ??????? ??????? ????? ???? ????,0
???? ???? ????? ????? ????? ???,1
 ?? ???? ??????? ?????? ???? ????? ??? ???????? ????? ????? ?????,1
 ????? ?? ????? ???????,1
????? ????? ?? ????? ???? ???? ??? ????? ?????? ?????? ?? ??? ??? ??? ???,1
?? ?? ????? ?????? ????????? ?????? ?? ?? ??? ??,0
????? ??? ????????? ?????? ????? ??? ????? ?????? ???? ??? ???? ??? ??????? ??????? ?????? ??? ???????? ??? ???????????? ??????? ???? ???? ?????,0
"?? ???? ????????? ???? ? ??? ?????????? ????? ?? ???????????? ???? ??? ????? ??? ?? ??? ???? ?? ???,?? ???? ??????????? ????? ?? ??? ? ??????????? ???? ????? ???? ????? ??? ??? ????? ????????? ? ???? ???? ??????? ?? ?????",0
????? ??????? ???? ????? ?????? ??????? ????? ?? ????????? ???????? ????? ??? ??????????? ?? ???? ??????? ???? ????? ??? ???? ????? ?????? ???? ????-?? ????? ????? ???? ?????? ???????????? ???? ?????? ??? ???????? ??????? ?????? ??????? ???? ??? WELL TRAINED UP ??? ?????? ???????? ???????? ????????,1
??? ?????,1
?? ????? ???? ???? ??? ???????? ????? ???? ???? ????? ??? ????,0
"?? ????? ?? ?????? ?????????,??????! ??? ???????? ????? ??? ??????? ????? ??? ????? ??? ???? ????? ???",1
????? ?????? ?????? ???? ?? ???? ??? ????? ????? ????,0
???? ??? ???? ???? ???? ????,0
"??????? ???? ???? ?????? ?????? ????????,?????,???????? ?????? ???? ???,?????? ?????? ?? ???? ??? ??????? ???????? ?????????? ????? ????? ???? ?????? ??????? ??? ?????????? ??? ?????+??????????+???????? ????? ?????? ???????? ??????? ?? ???? ??? ?? ???? ????? ??? ????",1
"????? ?????? ?????? ????????, ???? ??? ???? ?????? ??? ?????? ???? ????????! ??? ???????? ?? ????????????? ???? ??, ??? ????? ???? ????? ????? ??????? ????? ?? ??? ??? ????? ??????? ????? ?????????",0
????? ??? ???? ?????? ????????? ???? ???? ???? ! ??????? ????? ???? ?????? ????? ????????? ???? ??? ????? ????,1
??????? ??????? ???????? ????? ?? ???? ???? ???? ????,0
"?????? ??? ???? ??? ?????? ????? ??? ???? ???? ?????, ???? ?????? ???? ??????? ???? ????? ???, ??????? ???? ???",0
"???????? ???? ???? ?? ????? ???? ??????? ?????, ???????? ???? ???? ??????? ?????? ?????? ?????? ????? ??? ???? ?????? ???? ????",1
???? ??? ? ?????? ???? ??? ??? ???????? ??????? ??? ????? ?? ????? ? ?? ???? ???? ?????? ??? ??? ???,0
??? ?? ???????? ?? ????? ???? ????? ???? ????? ?????? ?????????? ???????? ???? ?????? ???? ??????? ??? ????? ?? ????? ??? ???? ?????? ????? ???? ???????? ???? ?????,0
?????????????? ????? ???? ???? ???? ?,1
?? ????? ??? ??? ??? ???? ???? ???? ???? ???????? ????? ?????? ????? ????? ??? ??????,1
????? ???,0
????????,1
"?????, ???? ??? ???? ???? ?????",0
????? ??,1
??? ??? ? ???? ?? ??? ???? ??,0
"????? ????? ??????? ??????, ??? ????? ???????",1
"????? ????? ????? ???, ??? ?????? ???? ????? ??????",0
"????? ??????, ?? ???? ????? ?????",0
????? ?????,0
"?????? ??? ????? ?????? ??, ?????? ?? ?????? ??????",1
?????? ???? ??? ?????? ????? ???,1
"????? ????? ??? ????? ???? ??? ?????? ?? ????? ???????? ?????? ???? ?? ????!!! ?????? ????? ???? ????? ??? ??? ??? ??? ???, ?????? ????????? ???? ????????? ????? ??????",0
?????? ??? ??? ???? ?????? ????? ??? ???,1
"??????? ???? ???? ????? ???, ??? ???? ????? ???",1
??? ????,0
???? ??? ???,0
"?? ????? ?????? ????? ??? ??, ????? ???? ??? ????? ??????????? ???? ?????? ????? ??, ???? ???, ???? ??, ???? ????? ?? ???",0
???? ????? ?? ??? ?????? ?????? ????? ???,1
????? ??? ?? ??? ???,1
"??? ???? ?????, ???? ????? ????? ????",0
????? ?? ????????,0
?????????? ?? ??? ??? ?????? ??????? ?? ???? ??? ????,1
??? ???? ??? ??? ??? ??,0
"?? ???? ????? ????? ????? ?? ?? ????? ?????? ?? ???? ??? ??? ?????, ?? ?? ????? ???? ???? ?????? ???? ????",0
"??? ?????, ??????? ????? ?????? ??",0
??????? ?? ???? ??? ???????? ?? ??? ???? ?????,1
"???? ?? ?? ???? ???, ???????? ???? ??????? ???????",0
"???? ??????, ?????? ??? ??? ??? ??? ???, ??????? ?????? ??? ???? ?????????",1
"??????????? ???????? ?? ? ??? ????? ????? ??????, ??? ??? ???? ???? ?????? ???? ?????",0
"????? ???? ???, ?????????? ??? ??????? ??????? ??? ??? ???",1
"???? ????? ????????? ?????? ????????, ???????? ????? ????, ?????? ???? ??? ???",0
???? ??? ??? ??????????? ???????? ??,0
"?????? ?????? ???? ??? ???, ????? ?? ??? ???",1
"????, ?? ???? ??? ?????? ???? ??",0
?????? ????? ????? ???????? ?????? ???? ??? ?? ?????,0
"?? ????? ?????? ?? ?? ?????, ?? ??????? ???? ??? ?????",1
"???????? ?? ?? ???? ?? ?? ???? ???????? ???? ??? ??, ?? ??? ??? ?? ????? ?????? ??? ??",0
??? ?????? ?? ?? ??? ???? ?????? ?????? ?? ??? ????? ??? ???,1
????? ????? ???? ????,0
????? ?????? ?? ?? ????? ???? ??? ???,1
????? ???? ?? ???? ????? ????? ?? ????,0
?????? ???? ????? ???? ????????? ????? ????,0
"????? ?? ??? ???, ???? ???",1
"?? ????? ??????????? ???????? ????? ??? ??, ????? ?????? ????",0
"???? ?????? ????? ???? ??? ??, ?????? ??????",0
????? ?? ????? ??? ?? ?????? ???? ???? ????,0
??? ??? ????? ???? ????? ???????? ??????,0
"??? ?????? ?? ??? ??? ??, ??? ??? ??? ?? ???? ??",0
??? ?? ?????? ?????? ????? ???,1
???????? ???? ?? ??? ????? ?????? ?????,1
???? ????? ??????????? ?????? ???? ?????,0
"?? ???? ???! ??????? ?? ?????? ??? ????, ???? ???? ???",0
????? ?? ??? ???,1
"????? ?????, ????, ??????? ?????? ?????? ????",0
"????, ????? ??",1
????? ??? ????? ?????? ?????? ?????????? ??? ???,1
"????? ?? ??? ???, ?????? ????? ???",1
"????? ?????, ???? ????? ????",0
"????? ???? ??? ?????? ??????? ?????? ???? ???? ???? ???, ??? ??? ????????",1
???? ???? ??? ????? ????,0
????? ??? ?????? ?????? ?????????? ??,1
???? ??? ??? ?????????,1
?????? ???????? ?? ???,1
"????? ???? ???, ??????? ?????? ??",0
"???? ????? ???? ????? ????????? ??? ?? ??????? ???? ???? ?????, ??? ???? ???? ??????",0
????? ????? ?? ??? ?????,1
??? ???,1
"??? ???, ????? ?? ???? ??? ????? ?????",1
????????? ???????? ???? ??? ????? ?????? ??? ?? ?? ??????,1
????? ?? ??? ?????? ????? ?? ???,1
"????? ?? ???? ????? ???, ??????",0
?? ??????? ?? ???? ?????? ??! ???? ??? ????? ???? ?? ???? ??? ??? ???,0
???? ?? ????? ??? ?? ????? ????????? ???????,1
"???? ????? ??? ????? ??, ??? ? ??? ???? ?????? ???? ?? ??????",0
"?????? ????? ?????? ?????, ??? ??? ??????",0
??????? ????? ??? ??? ??? ???? ????,0
??????? ??? ???,1
??? ??? ??????? ???? ??????? ???????,0
"????? ?????, ??????? ???? ????? ?? ?? ??? ??? ?????? ????",0
???? ?????? ?????? ????? ?????? ??? ?????? ??????? ??? ????? ???,1
"????? ??????, ??? ????? ?? ???, ?????? ??? ???",0
"???????? ?????? ???, ??? ???? ???? ????, ????? ???",0
"????? ?????? ?????? ?????, ?????? ???? ?????? ??????? ????? ??? ???",1
??? ?????? ????? ?? ???? ???,1
"???? ??? ????? ?????? ?????, ??? ????? ???? ????? ???? ?? ??? ??? ???? ????",1
????? ???? ???,0
????? ????? ???? ???-???? ??????? ????? ??? ???,1
"?????? ????? ??????, ?????? ?????",0
????? ????? ?? ??? ???,1
???? ?? ??? ??? ?????? ????? ?? ?????? ??? ??? ????? ???,1
"?????? ??? ??? ?? ??? ?????? ???, ???????? ??? ??? ?? ??????",1
??????? ?????? ???? ?? ???,0
??? ??? ??? ???? ??? ???? ??? ???,1
"??? ???????? ?????? ????????, ??? ?? ???? ???? ???????? ??????",0
"????? ?????? ???, ??? ?? ???? ?????? ??, ???? ????? ???? ??? ???",0
"???????? ???, ?????? ???? ???? ??? ?? ?????? ??? ??? ?? ???? ??????????",1
?????? ???? ???,0
"??? ?????? ???? ???? ??? ?????, ?????? ?? ???? ?????? ???? ????",1
"???????? ?? ??? ???, ?? ??? ????, ??? ??????? ??? ???? ?????, ?????,",0
???? ???? ?????,0
????? ???? ??? ??? ?????? ?????? ???? ??? ????? ???? ??? ???,1
?? ????,0
"????? ??, ????? ??? ????? ?????",1
"???? ??? ??? ??? ????? ??? ??? ????, ?????? ??? ?? ?????? ???",1
???? ???? ??????,1
"???? ?????, ?????? ???? ?????? ??? ?? ?????? ???? ???",0
???? ???? ???? ??????? ?????? ?????? ???? ???? ????? ???????? ???? ???????? ??? ?????? ???? ??,1
???? ???? ???? ??? ??? ?????? ????? ??? ???,1
"???? ????, ?? ??? ?? ???? ????? ????? ???? ???",0
"?????? ???? ?????, ???? ???? ????",0
"?? ???? ????? ????? ??? ???, ??????????? ?? ?????? ??? ?????? ????? ??",0
"????? ???? ????? ???, ???? ????? ?????? ??? ?? ???????",0
??????? ????? ???????? ?? ??? ???,1
??? ??? ???? ?????? ?? ??? ???,0
"???? ??????, ???? ??? ?????? ??, ????? ?? ??? ?????? ???????????? ???? ??? ?????? ??? ?? ???? ???????",0
"???????????? ????? ???? ???? ?????? ???, ???? ?????",1
"????? ????? ????? ?????????, ??? ???",0
?????? ???????? ??? ???,1
?? ??? ??? ???,1
???? ?????? ?? ??? ??? ??? ???? ??? ????,0
"?????? ??? ???? ???, ?????? ???????? ??? ??? ???? ???? ???",1
?? ???? ???????? ???? ????? ????? ????? ????????,1
??? ?????? ?????????? ?? ??? ?????? ???? ?? ???? ???? ??? ???,1
???????? ????,0
??? ??? ?? ???? ??????????? ??? ????,0
"????? ??? ???, ?????? ???? ??????? ?? ????? ??? ??",0
"??? ????, ??? ????? ?? ???? ??? ?? ?? ??? ??? ???",1
"???? ?????, ??? ??? ?????? ????? ????? ???? ???????",0
?????? ???? ?????,0
"?????? ????, ?????, ??????????",0
???????? ???? ?????? ?????? ?????? ????? ?? ??????? ???? ??? ??? ?????,1
"??? ?????? ??? ?????????, ??? ???",1
???? ???? ???,0
??? ????????,1
"???? ????, ????? ??? ??????? ??? ???? ????? ?? ???? ??????? ?? ????? ????????? ???? ???",0
"????? ??? ??? ??, ??? ??? ????????",0
???? ???????? ?? ?????,1
"?????????? ???? ?? ???, ????? ???",1
"???? ????? ???? ????, ????? ????? ???? ?? ?? ??????????? ???? ????? ???? ????",0
"????? ????? ??? ??????? ???, ??? ??????? ???? ?? ??",0
"??? ??? ????? ??? ?????? ??????? ?????, ?? ??? ????????????? ????? ?? ???? ??? ????? ???? ??",0
"???????? ?? ??? ??? ??, ????? ???? ??? ???",0
??? ??? ????? ????? ??,0
?? ???? ????? ??????? ??? ?? ???? ????? ????? ???? ????? ???? ??? ??,0
????? ???? ???? ??? ??? ???? ????? ???????,1
"????? ??? ??, ???? ?? ???????? ??????",1
"????? ??? ???? ????? ????? ??????? ??? ????? ????, ????? ??? ??? ??????",0
???? ????? ?? ????? ??? ? ????,0
"????? ?????, ?? ?? ????????? ???? ?????? ??????",0
"???? ????? ?????????????, ??????? ?????? ??? ????, ????? ??????? ????? ???? ????? ??? ??",0
?? ???? ???? ???? ?? ????? ???? ??? ???,1
????????? ???? ???,1
???? ?? ??????? ???? ???? ?????? ????? ??? ???? ??? ????! ???? ????,0
??? ??? ??? ??? ???,1
??????? ??? ?????? ???? ???????? ?????? ???? ?????? ???????,0
???? ???? ??? ?? ???? ?? ????? ???? ???? ??? ???,0
?????? ???????? ?? ???????? ??????,1
??? ??? ?????? ?????? ????? ?????,1
?????? ?? ???? ????? ???? ?????!???? ??? ?? ??? ????? ???,0
"???? ???? ????????????? ????, ??? ?????? ?? ???? ????? ??? ??",0
????? ?????,0
?????? ?? ??? ???,1
"??????? ????? ?? ??? ???, ???? ?????? ???",1
"??????? ??? ???? ?? ??? ???, ????????? ????? ???, ??? ???? ???? ??? ???? ?????? ??? ???",1
??????? ?? ??? ????,1
"???? ??? ??, ?????? ?? ????",0
???? ???? ??????,1
???? ??? ??,0
"????? ?????, ??? ??? ????",0
"??????????????, ?????",1
????????? ??? ?????? ????????? ????? ???,1
??? ?????? ???? ???? ??? ????,1
"???? ???????? ?? ?????, ?? ???????? ????? ??????? ??? ??",0
"??? ???? ????? ???, ???? ????? ?????? ??? ??",0
???? ????,0
"???? ????????, ??? ?????????? ? ??? ??? ????, ????? ??? ?? ????? ??",0
"??? ?????, ??? ??? ?????, ??? ????? ??? ??",0
"??? ????? ????????? ????? ???? , ????????? ? ???? ???",0
"????? ????? ??? ????? ????? ??? ???? ?? ?????? ??? ??? ?? ?????, ???? ????",0
"?????? ??? ?? ???? ???, ???????? ???? ??? ??? ??",0
"????? ?????? ??? ??, ????? ??? ???, ?????? ??? ??? ??? ????",0
?????? ???????? ?? ?????? ?????? ??????,1
"????? ?? ??? ??? ???, ????? ????????, ???? ??? ?????",1
???????? ?? ?? ???? ??? ???? ???,1
"???? ???? ???, ?????? ?? ????",0
????? ??? ???? ???,0
???????? ?? ??? ??????,1
"????? ???? ?????? ???? ??? ???, ???? ???? ???? ????? ????? ???? ???",1
"??? ???, ???? ????",1
"??????? ???? ?? ?????? ?? ??? ??? ???, ????? ???????? ??",1
???? ???? ???,0
"???? ?????, ?????????? ???? ??",0
"???? ???? ????, ????? ????? ????? ??",0
????? ???? ??? ???? ???;,0
"????? ??? ????? ?????? ????? , ?????????? ??? ??? ???",1
??? ????? ???? ???????? ?????? ?????? ??? ?? ??? ????? ???? ???? ????,0
"?????? ????? ????? ????? ?????? ??????, ??? ??????? ?????? ???? ????? ???? ????? ??? ???? ??????? ?????? ????????, ???? ???? ????? ???? ??? ????? ????? ????! ??? ?? ??? ???? ?????? ?? ???? ????? ??????? ????? ????? ?????? ?*",0
"???? ???? ??, ????? ??? ?????? ???? ????? ???? ???? ???",0
???? ???? ????? ????? ????? ??? ?????? ??? ?????????? ???,0
????? ???????? ??? ??????? ??????? ???? ???? ???? ??? ????? ???? ????? ??????????? ?????? ?????? ???? ????? ???????? ???? ????? ?? ?????? ??????? ??????? ?????? ?????? ???? ???? ?????? ??? ???? ?????? ? ???? ???????? ?? ?? ?????? ??? ???? ???? ??? ????,0
?????? ????? ??? ??????? ???? ????? ??????? ????? ???? ?????? ??,0
"?????? ????? ?????? ??? ???? ????. Specialy ????? ????? ?? ??? ???? ????? ???? ?????, ????, ??? ???? ?????",1
?? ???? ???????? ?? ? ?????? ????????????? ????? ????? ????? ??? ????? ????? ????? ???? ???,0
??? ????? ????? ????? ???? ?????? ??? ?????? ????? ????? ????? ???? ????? ???? ???? ?????? ???? ???? ????? ???? ????? ???? ?? ? ???? ????? ???? ???? ?? ????? ????? ?? ??? ???? ?????,0
"??????? ????? ???? ??? ??? ????, ?????? ??? ??????? ????? ??? ?????? ??? ?????????? ??? ???? ????????, ?????? ????? ??? ??? ???? ????? ??? ????????? ????? ????? ??????",0
????? ??? ????? ?? ?????? ???? ???? ??? ????? ?? ????,0
?? ???? ????? ???? ??????,0
??? ?? ??? ?? ?? ??? ??????? ?????? ???? ?? ???? ???? ?????,1
????? ???? ???? ??? ?????? ??? ?????? ?????????? ????? ?????? ????? ?????? ?????? ?????? ???? ?,1
????? ?????? ???? ????? ???? ???? ??? ????? ???????? ????????? ????? ??? ??? ??????? ??? ??????,0
????? ?????? ?????? ??? ????? ???,0
???? ??? ???? ??? ????,0
???? ?? ???? ????? ????? ????? ???,0
?????? ???? ????? ?? ???? ????? ??????,0
???? ???? :),0
?? ????? ???? ??? ?????? ???????? ?? ???? ????? ??? ???????? ???? ??? ????,1
???? ????? ?? ???? ??? ???? ???? ???? ??? ??????? ????? ? ????? ???? ???????,0
"????? ??? ??? ???, ???? ???? ??? ????",0
???? ????? ??????? ?????? ???? ???????,0
????? ??? ?????? ??? ????????? ??? ??????? ???? ????? ????? ?????????? ??? ?????? ??? ????? ?? ??? ??? ??????? ??? ???? ???/= ???? ????? ???? ???? ???? ??? ??????? ??? ????,0
?? ???? ???????? ?? ?????? ?????? ???? ???????? ?????,0
"???????? ???/??? ??? ??? ?????? ?????????, ???? ???? ???????? ????????? ??????? ???? ??????, ????? ??? ??? ???? ??????",0
"??????? ?????? ????? ???? ???, ?? ?? ??? ??? ???? ?? ?????? ?????, ??? ?????? ???? ?????? ???????? ??? ??? ???? ???? ????? ????",0
"??????? ????, ????? ?????? ??? ??? ????? ???? ???? ?????? ?? ??????? ?????????? ???? ???? ?/??",0
"?????? ?? ??? ????? ????? ????? ?? ??? ????? ??? ??? ??? ??? ??????????? ??? ??? ???? ??? ????,???? ???? ???,?? ??? ?????? ??? ???? ?????? ???? ?????? ????? ??????? ????????",1
??????? ???? ???? ???? ???? ?????? ??? ???? ????? ????? ???? ???? ?????? ????? ???????? ?? ?????? ???? ??,0
????? ?????????? ????? ???? ???,0
???? ???? ???? ????? ????? ,1
???? ???? ????? ??? ????? ???? ????? ,1
???????? ?? ??? ?????? ???? ?????? ??? ?????? ??? ???? ????? ???? ?????? ??????? ?? ??????? ???? ??? ????,0
??? ???? ????? ??? ??? ??? ?????? ??? ???? ??:??: ?? ???? ???? ????? ?????? ???? ???,0
?????? ????? ?????? ???? ??? ?? ,1
??????? ?? ???,1
???? ???? ??? ????? ???? ????? ?? ??? ???? ??? ?????? ?? ?? ???? ???? ??? ???? ???????? ???,0
"???? ????? ?????, ??? ???? ?????? ????????,?????? ??? ????? ????",0
??????? ??? ????? ????? ????? ????????? ????? ???? ???? ??? ???? ????? ?? ???????????? ???? ????? ?????? ????? ????,0
????? ??????? ???? ??? ???? ?????,0
???? ???? ?????? ??? ?? ????? ??? ????? ??? ?????? ???? ????? ?????? ????? ??? ?????? ????????,0
??? ??????? ????? ??? ????,1
????? ??????? ????? ??? ???? ???? ???? ???? ???? ????? ????????,0
????? ?? ????? ????? ??? ????? ,1
???? ????? ???? ???????? ??? ???? ??? ???? ????,1
???????? ?????? ????? ???? ???? ??????? ???? ????? ??????? ????? ??????? ??????? ??? ???? ?? ???? ??? ??? ????,0
"?????? ?? ??? ??? ????? ???,????????? ????,??????? ?? ???????? ???? ??",0
??????? ???? ??? ???? ?????? ????,0
????? ???? ???? ???? ,1
?????? ?? ?????? ???? ???? ,1
????? ??? ????? ???????,1
?????? ???? ?????,1
????? ???????? ???? ?????? ?????? ?????? ???? ?? ??? ??? ?????? ??? ????? ??? ??? ??? ???? ?????? ???? ??? ???????,0
?????? ??? ????? ??? ???? ???? ?????? ?????? ????? ???? ??? ??????? ???? ??? ???? ????? ??? ?? ????????? ??????,0
??? ????? ????? ??? ???? ????? ????? ?????? ???? ?????,0
???? ????? ??? ???? ??????,0
????? ???? ???? ??? ???? ?????? ??? ????? ???? ??????,1
??? ?????? ????? ?? ,1
"????? ??????? ?????? ????? ?? , ????? ",1
?? ????? ?????? ??? ??? ?? ???? ,0
???????? ???? ??????? ?????? ??????? ??? ???? ????? ????? ????? ????? ???? ????? ??? ?????? ??????,1
????? ??????? ?????? ????????????? ????? ????? ????? ???? ??? ??? ??? ????? ????? ??????,0
"????? ?????, ?????? ??? ?????? ??? ?????  ??? ????? ????? ???? ???????? ???? ?? ??, ??? ???? ?????? ???? ???? ???? ????? ??? ????? ?????? ?? ?????? ??? ?????? ??? ????? ?? ???? ?????? ???? ???",0
??????? ?????,1
???? ???? ??? ???? ???? ??? ?????? ??? ????? ???? ???? ??? ??????? ???? ????,0
"??? ???? ??????? ?????? ????????, ???? ???? ????? ???? ??? ????? ????? ????!",0
???? ???? ????? ????? ????? ??? ?????? ??? ?????????? ???,0
???? ????????  ???? ???? ????? ????? ,1
"?? ??? ???? ?? ??? ????? ?????? ??????, @???? ???",0
"????? ???? ?????? ???? ??????? ???, ????? ???? ??????",0
????? ?????????! ??? ?????? ????? ????? ???? ?? ???? ????? ??????? ???????? ???! ???????? ??? ?????? ????? ??????? ?? ???? ?????? ??? ?????? ????? ??? ?????! ?????!,0
????? ???? ??????,1
"???? ??? ? ??? ?????, ??????? ??? ??? ???..???????? ????? ?? ???????? ? ??? ???? ??? ??????????????",1
??????? ??? ???? ??? ?????? ??,1
????? ???? ???? ??????? ???? ???? ??? ?? ?????? ??? ????? ??? ??? ????? ??? ????? ????,1
?????? ??? ???????? ??? ??? ????? ?? ????? ???? ???? ???????? ????????,0
???? ??? ????? ??? ??? ????????? ?????? ?? ??? ????????? ??? ?????,0
????? ???? ?????? ??????? ?????? ?????,1
??? ??? ????? ????? ?? ????? ???? ?????? ,0
?????? ???????? ???? ???,0
????? ?? ????? ???? ?? ???? ??? ?????? ,0
"????? ?????? ????? ????, ???? ?????? ? ?? ,????????  ???? ? ",0
????? ?? ??? ???? ??? ??? ???? ??????????? ??????? ????? ??? ????? ???? ???? ???? ???? ??? ??? ???,1
?????? ????? ??????? ????? ???? ???? ???????? ???? ,0
?? ????? ????? ?? ????? ? ????? ?????? ???? ?????? ???? ???? ????,1
??? ?????? ??? ??????? ???? ??????? ??? ????? ??????? ?????? ??? ?? ?? ?? ???????? ???? ???? ???? ?????? ??,0
"??? ??  ???? ??? ?? ??? ??? ???? ????? ,????? ????????? ",0
"??? ??? ?????? ????? ?????? ???? ??? ??, ???? ?????????? ??? ???? ",1
??? ???? ????? ??? ?????? ???????,1
??????? ???? ????? ???? ???? ?????,1
"??? ???? ?????? ?????????? ????? ?? ??? ???? , ?????? ?????? ??? , ??? ??? ??? ?????? ????? ?? ??? ??? ????? ,?????? 250 ???? 210 ???? ???? ???",1
????? ???? ??? ??? ????? ????? ?????,0
???????? ?? ?????? ???? ?? ????????? ?? ??? ???? ????? ,1
???? ??? ????? ,1
??? ????  ????? ???? ??? ??????? ????? ??? ,1
"??????? ???? ?????? ???? ,???? ????????? ",1
???? ???? ????? ??? ????? ???????,0
???? ??????? ??????????? ????? ???? ????? ???? ????!!!!,1
"??? ??????? ??????? ??????? ??? ???? ????? ????? ?????? ??????, ??????",1
"?????? ?????? ?????? ??? ???? ????, ???? ?? ???? ? ???? ????? ?????? ?????? ??? ??? ??? ???? ?????? ??? ???? ?? ???????????",1
?????? ???? ???? ?? ???,1
??? ?????? ?? ????? ????? ?????? ????? ?? ??? ??? ????? ????? ???????? ??? ?? ??????? ?????? ??? ???,0
????? ?????? ???? ???? ????? ???? ???? ???????????,0
????? ?? ????? ???? ??????? ????? ??? ??? ?? ???? ??? ????? ???????? ??????? ?????? ??????? ???? ??,0
???? ???? ???? ??? ???? ,0
"?????? ????? ????? ?????? ??????? ????? ?????? ???? ??????? ??????? , ??? ??????? ???? ???? ???? ????? ???",0
"????? ???? ????? ?????? ??????????, ???? ?????? ????? ???? ??????? ??????? ??? ?????? ????? ??? ???? ???, ????? ???? ??, ????????? ???????? ???? ?? ? ???? ???? ??? ???????????????",0
???? ???? ??? ?? ???? ????? ???? ???? . ??????? ??????? ??? ???? ????. ????? ??? ???? ?? ????? ??????? ???.,0
?? ???? ??? ????????? ?? ??? ???? ,1
"??? ??? ?????? ??????, ???? ??????? ??????? ? ???? ????",0
??? ????? ?? ????? ?????? ??????? ??? ?????? ??? ???? ????,1
???????? ????? ???? ???? ??? ????? ???????? ????? ???? ?????? ???? ?????,1
??? ??????? ?????? ???? ???? ,1
"????????? ""?? ??? ??"" ? ????? ?????? ??????, ???????, ????? ????? ??? & ?????",1
????? ???? ???? ???,1
???? ???? ???? ???? ?????? ??? ??? ?????? ????? ???? ????? ??? ???? ?????? ?????? ???? ????,0
??? ????? ? ???? ???? ??? ????? ?????? ?????? ?????,0
?????? ???? ?? ????,0
??????? ????? ????? ????? ?????? ????? ??? ???? ???????? ???? ,1
"???? ???????? ??? ?????? , ?? ?? ???? ???? ???  ",1
?? ???? ???? ????? ?? ??? ???? ??? ????? ???? ????? ?? ?? ? ??? ??? ????? ??? ? ???? ??????????????,0
"?????? ???? ???? ?? ???????? ??????? ?? ????? ???? ????????? ??? ?????? ????? ????,?????? ?????? ???? ???? ???? ???? ??? ????? ???? ???? ?? ????? ???? ???????? ???? ??? ??? ?? ???? ????? ???? ?????",0
???????? ???!,1
??? ???? ?????? ????? ????? ???? ???????,0
????? ????? ! ??????? ???? ????? ??? ??? ??????? ????? !! ???? ???? ???? ???? ??,0
???? ????? ??? ??? ???????? ???? ???????? ???? ??????? ????? ?????????? ??? ???? ????? ???? ????,0
???? ????? ?? ???? ???? ????? ???? ?? ?????? ?????? ?? ????? ?????,0
?????? ??????? ?????? ?????? ?????? ?? ?????????? ??? ???? ???? ???? ???? ????? ??? ?????? ???? ??? ???? ?????,1
????? ??? ???? ?????? ???..? ??? ???? ?? ???? ??? ??? ???? ???? ??? ???? ???? ?????? ??? ????,0
"??? ???? ?????? ??????? ??? ???? ???? ? ????? ????? ?????? , ????? ?????? ????????? ? ???????? ?????? ???????????? ??? ?? ????? ??? ???? ??? ? ?? ???? ????? ?????? ???? ?? ?",0
"??????? ???? ?????? ??????? ??????? ???????, ???? ??? ??? ???? ??????",0
"??? ???? ??????, ???? ????? ?????? ????? ?? ?? ?????? ?? ??? ???? ??? ??? ??? ???? ???",0
?????? ?????? ?????? ????,0
??? ???? ????? ?????? ??????? ?? ????? ?? ??? ??????? ?????? ???? ??????? ?????? ??? ??? ???? ?????? ??? ?????? ????? ??? ??? ????????? ???? ?????? ??????,0
??????? ???? ??? ??? ?????????? ???????? ?????????,1
???? ????? ?????? ???? ???? ????? ? ??????? ?????? ??????,1
????? ???? ???? ??? ?????? ?????? ??? ???? ????????? ??? ?? ????? ?????? ????????? ??? ????? ?? ???? ?? ????? ???? ???? ????? ??? ?/??,1
?????? ???????? ????? ?? ???? ??? ?????? ???? ??? ?????,0
????? ????? ??????,0
???? ????? ?????? ?? ???? ????? ? ?? ??? ???? ?????? ???????? ? ?? ???? ?????? ??? ??? ???? ???? ????? ??? ??? ????? ???? ??? ??????? ????????????? ??????? ??????? ????? ????? ??? ????? ?????,0
??????,1
"??? ????? ??? ???????_ ???????? ?? ???, ??? ??? ????? ?????? ????? ?? ???? ??????? ?????? ??????? ?? ? ?????? ????",1
????? ?? ???? ???,1
"????? ?????, ???? ???? ???, ???? ????? ???",0
????? ?????? ???? ??? ??? ????,0
???? ????? ????????,0
"?????? ????????, ?????? ??? ??? ?????, ??? ????? ??? ???? ??? ?????",1
????? ???????? ???? ???? ??????? ???? ???? ??? ???? ??? ?? ?????? ????? ?????? ???? ????,1
???? ??? ?? ???? ????? ??????? ?????? ?? ????? ???? ????? ?? ???? ?????? ???? ????? ??????? ???? ????? ??? ????? ??????,0
?????? ???? ??? ????? ?????? ???? ???? ??????????? ????? ?? ?? ?????? ?????? ??????,0
????? ???????? ???? ????? ??? ?????,0
"?????? ???? ??,, ??? ???????? ?????? ????? ???? ???? ????,, ??? ? ????? ???? ? ??? ???? ???????",0
????? ??????? ?????? ???????? ??? ?? ???? ??????? ?????? ????? ??? ???? ???? ??????? ????? ????? ????? ???? ??? ?? ? ????? ???? ????? ??? ????!,0
"?????? ?????? ???? ???? ???, ???? ?????? ???? ?? ????? ???? ?????? ????? ???? ??? ???? ???? ????? ???? ? ????? ??? ? ?? ???? ???? ???? ????????? ?????? ?? ?? ????????? ???????, ???? ??? ????? ???? ?? ???????? ????, ????? ????? ??? ???, ??? ????? ??????? ??? ?????? ???? ?? ?",0
"???? ???? ??? ?????? ???? ????? ?? ????? ???? ???? ?????? ?? ? ???? ?? ??????? ???? ??, ???? ?? ????? ???? ???? ?????? ????? ?????? ???? ??? ?????? ???? ???????????? ?????? ?????? ???? ??? ?? ?????? ?????? ????? ???",0
"????? ????? ??? ?????, ?????????? ?????? ?? ??? ????! ????? ??? ????? ?????, ????? ??????? ??? ????? ????? ???? ???? ??????!",0
"????? ??,???? ???? ? ??? ???? ??? ?????? ? ??? ??? ???????????? ??????????? ??? ?????????? ???? ??? ??????? ??? ????? ????? ??? ??? ????? ?? ?? ????? ??? ??? ????? ??? ?????",0
"??? ??? ???? ??????, ????? ????? ???? ??????? ???",1
???????? ???? ??? ??????????????? ?????? ??? ?????? ??? ?????? ?? ?????? ???,1
????? ????? ?? ????? ?????? ???? ??? ??? ????? ??? ????????? ??? ????? ????? ???? ??? ??? ??????,0
??? ???? ????????? ??? ???? ???? ????? ????? ????? ??????? ????? ???????? ???? ???? ? ???? ?? ???? ????? ??? ??????? ???,0
? ???? ??????? ?? ????????? ????? ?? ???? ????? ???????? ?? ????? ??? ?????? ?????? ????? ???????????? ?? ??????? ??? ????? ??,0
????? ????? ?????? ?????????? ???? ?? ?? ???? ????? ?????,0
????? ??????? ? ?????? ????? ???? ???? ???????? ??? ??? ???? ??? ?????,0
"??? ?????? ??? ????? ??? ?????????? ??????????????, ?????? ??? ???? ????? ???? ???? ??????",1
???? ????? ?????? ?????? ?????? ? ???????? ??? ?????? ??? ????,1
??? ????? ?? ???? ????? ??????? ??? ??? ????? ????? ??? ????? ????? ??? ????????,0
"?? ???? ?????????? ????? ??????? ????? ?????? ??????,, ??? ??? ?????? ???? ????? ???????",0
????? ??? ??????? ????? ?? ????? ??????,1
?????? ????? ???????? ?? ??? ?? ???? ?????? ???????? ??? ?? ??? ??????? ??? ?????? ???????,0
?????? ??????? ??? ??? ????? ??? ?? ???? ??? ??????? ??????? ??????,1
?? ??????????? ?? ????? ???? ???????? ??? ?? ???? ??? ??????? ????? ?? ???? ????????? ??? ???? ???,0
?????? ???????? ????,1
????? ??? ?????? ????????? ???????? ???,1
????? ?? ??????? ?????? ?? ???? ????? ??? ????? ????? ??? ??? ????? ??,1
???? ???? ????? ???? ???? ????? ? ???? ??? ???????? ????? ?????? ?? ???? ??????,0
?????? ??? ???? ??? ?? ???? ???? ???? ?????????? ????? ????? ?????? ???? ???? ????? ??? ????? ????? ?????? ??? ????? ? ????? ?? ??????? ?????? ? ?????? ?? ??? ??????,0
??? ???? ???? ?? ?????,0
"??? ?????? ??????? ??? ????????? ? ??????? ????? ?????? ?????? ????? ?????? ??????? ????? ????? ??????? ??????? ???? ?? ??????? ???, ????????? ?? ???? ??? ?? ?????? ???? ????? ?????? ????? ????????",1
????? ????????,1
"??????? ??? ????, ?????? ??? ?? ?????? ??????? ???",1
????? ??? ???????? ?????? ?????? ?? ????? ?????? ?????? ??? ???????? ??? ????? ????? ???? ??????,1
??????? ???? ?????? ???? ??????? ???? ???? ?????? ???? ???????,0
?????? ?????? ??????? ??? ??????,0
??? ??? ???? ??? ??? ???????? ??? ???? ????? ?????? ?? ????? ?????? ???? ????? ??????? ?????? ???,0
??? ?????? ????? ?????? ?????????? ?? ???? ????? ?? ???? ?????? ???? ??????????? ?? ???? ???? ??? ??,0
"????? ???? ???, ?????? ??????? ????? ??? ???? ?? ????? ????? ???. ?? ??? ???????? ???? ??? ?????",0
??? ????,1
"????? ???,????? ?????? ???????? ??? ???? ????? ??? ???? ????? ?? ???? ???????",0
??????? ??? ??????? ????? ????? ??? ???? ???? ?????? ????? ??? ???? ???? ????? ?? ??? ? ???? ??? ???? ?????????,0
"??? ?? ????? ???,,,?? ??????,,,????? ??? ????,,, ??????? ???? ?? ??? ???,,, ?????? ?????? ??? ???,,, ??? ? ?????? ??????? ???,,",0
?????? ??? ????? ?? ???? ??? ???? ???? ???? ??? ??? ?? ????,0
????? ??? ???????? ?????? ??????? ??? ???? ??? ???? ????? ????? ???? ???? ??? ?????? ???? ???? ????,1
"???? ?????? ???, ?????? ?????? ???? ???",1
"???? ???????? ?? ???? ????,?????? ???? ???? ?????",1
"??? ????, ?????? ???? ??? ?? ?????? ??? ?????",1
"??????? ???? ???????? ?????? ???, ??????? ??? ???? ?????? ????? ???? ??? ??? ??? ???? ??????",1
?? ??? ???? ???????? ???? ????,1
"?????? ????? ??????? ???? ?????? ???? ????, ??? ??? ???? ?????? ??????? ???",1
??????? ??? ??? ??? ????,1
???? ???????? ????? ????????,1
??? ??? ??? ??????,1
???? ???? ????? ?????? ?????? ??? ?????? ???? ???? ??????,1
???? ?????? ???????? ??????,1
??? ??? ????? ???,1
?????????? ?????? ????,1
????? ?????? ???? ???? ?? ?? ?? ??????? ????? ????? ????,0
?? ??????? ???? ?? ?? ?????? ??? ??????????? ???? ??????? ??????? ????? ????????????? ?? ????? ????? ??? ? ??? ????? ??????? ???? ????? ??????? ????? ???? ??????? ??? ???? ??? ?????? ?????? ????? ?????? ????? ??? ???????? ??? ??? ?? ???? ???? ??????? ????,0
"??????? ????? ?????? ???, ??? ???? ????? ????????",1
?????????? ?? ??????? ???,1
??????? ?????? ???? ?????? ??????? ????? ???? ??,0
"???? ???? ?? ???? ????, ?????? ????????? ?? ??? ???? ???? ??? ?????",1
??????? ?? ?? ????? ??? ??? ????? ?????? ??? ??? ??? ???? ????? ????? ???? ?? ????? ?? ?????? ??? ?? ?????????? ???? ?????,0
??????? ??? ??? ?????? ???? ???? ????? ?????? ??? ??? ?? ?????,0
"????? ????? ?? ?? ?? ??????? ???? ? ??? ???? ??? ?? ???? ,??? ????? ?? ?? ???? ?? ?? ????? ?????? ??????? ???? ?????? ?? ????? ????? ???? ???????",0
????? ??? ????? ????? ??? ???? ???? ??????? ??????,1
"????, ????? ??????? ????? ???? ??????? ???? ??????? ??????",0
??? ?? ????? ?????? ?????,1
???? ???? ?????,1
"??????? ???? ???? ????, ??? ?? ?????? ???? ???? ????",1
??????? ?????? ???? ????? ????? ?????? ???,0
???? ??????? ?????? ???? ???? ??? ?????,1
"???? ?????? ??????????? ???????? ????? ????, ??????? ????? ????? ???? ??? ????",1
????? ???????? (?????? ????? ??????)? ??????? ??? ?????? ?????????? ????????????,1
???????? ???,1
???? ????? ??? ????? ?????,1
?? ????? ???? ????? ?????? ?? ??? ???? ?? ???????? ?????? ??????? ???? ??? ???????? ?????,1
???? ???? ????? ???????? ??? ????? ?????,0
"??? ???? ???????? ???? ?? ? ???? ???? ?????, ?? ???? ???? ???? ?? ??????? ?????? ??? ???? ????? ?????",0
"?????? ???????? ???????? ?? ???? ??? ???, ????? ???? ???? ???? ?? ????",0
"???? ???? ???????, ????? ??????, ????? ???? ???, ???????? ??? ????? ????",0
????? ??? ???? ?? ????? ? ??? ??? ???? ???,1
"??? ?????? ?????? ??? ????, ????? ????",0
???? ?????? ????? ????? ???? ???? ????? ??? ??,1
????? ??? ???? ????? ????? ????? ???,0
?? ???? ????? ????? ??? ?? ???? ????????? ??????????? ????? ?????? ?????? ??? ??????? ???? ???? ??? ??????? ??? ????? ????? ??? ????,0
??????? ???????????,0
???? ???????? ????,1
??? ???? ????? ??? ?????????? ??????? ???? ??? ?????,0
??? ?????? ????? ??? ??? ????? ?????? ?????? ????,0
"???? ????, ?? ???? ???????? ?? ?????, ??? ??????",0
????? ?? ????? ????? ??? ??? ??????? ???,1
???? ??????? ?? ??? ??? ??????? ?????,1
?????????? ???????????? ????? ???????,0
??? ???????? ??? ???,1
???? ???? ???,1
 ?????? ???? ??? ?????? ????? ???? ???,1
 ??? ?????? ???? ???? ?????,1
 ???? ???? ?? ??? ??????? ???? ???? ??,1
 ??? ???? ???? ????? ?????? ??????,1
??????? ????? ??? ???? ??????? ?? ???? ????? ?????? ???,0
?? ???? ????? ??????? ??? ???,0
??????? ????? ??? ?????? ????? ????? ???? ?? ??? ???? ??? ?? ?? ?????????? ?? ??? ?????? ???? ?? ??? ????,1
?????? ???? ?????? ????? ???????( ??? ???? ??? ????? ??????)! ???????? ???? ?????? ??????? ???? ?????,0
??????? ??? ??? ????? ????? ????? ???????? ??? ????? ???????,0
 ???? ??? ?????? ??? ,1
????????? ???? ????? ?? ???? ?????? ?????? ???? ,1
????? ?????? ???? ??? ????? ?????? ??? ???? ????? ????,1
"????? ????,??????,???, ?????? ??? ????? ?? ???, ??? ??????",0
??? ???? ??????? ??????? ??? ????? ??? ???? ?????? ??? ???? ???????? ??? ????,0
?????? ?? ??? ??? ???,1
???? ???? ????? ??? ???? ??????? ??????? ??? ???,0
???? ????? ?? ???? ????? ???? ?????? ?? ??????????? ????? ??????? ??? ???? ??????? ???????? ???? ?? ????? ?????? ?????? ??? ?? ??????????? ???? ?????? ?? ??????? ???? ?,0
????,0
???? ??? ???????? ???? ??? ?? ???? ???? ??,1
???? ???? ?????? ??? ????,1
"???? ????,?????? ????,???? ??",0
??? ????,1
??????? ??? ???? ???????? ?????? ???? ????? ??????? ??? ????? ?????? ????? ??? ?????? ????????? ???? ????? ?????????,0
?? ????? ?????? ??? ????? ???? ????? ??????? ?? ???? ??? ???? ????,0
"????? ????, ??? ????? ????? ????? ? ????? ????? ???? ????????",1
"?????? ????? ??????? ??? , ???? ??? ????? ? ??? ???? ?????? ????? , ???? ??? ???? ? ?? ????? ???? ????? ,???? ?? ??????????? ???? ?????? ????? ????? ????? ?? ?",0
 ??? ???? ?? ?????? ???,1
????????? ???? ???? ????,1
????? ???? ?????? ?????? ??????? ??,1
?????? ?????? ????????? ????? ??????? ??? ???,1
???? ??? ?? ???? ?????? ????,1
"????? ?????? ???????, ???? ???? ???, ??????? ???? ????? ??????? ? ???? ????",1
"?????? ? ??? ??? ? ???? ???? ??? ???, ??????? ?? ???? ???? ?????? ????? ???????????, ?????? ? ????????? ?",1
???? ?????? ???? ??? ????? ????????? ?????? ???????? ?????? ???? ???????? ?????? ?????? ???? ??? ?????? ????????? ???? ?????? ??????? ???,0
????? ????? ???? ?????? ????? ??? ???,0
 ??? ???? ????? ????,1
 ??????? ???? ????,1
 ??????? ?? ?????? ????? ?? ????,1
"??? ?????? ??? ??? ????? ??? ??? ??????? ???????? ??? ? ?? ????? ???? ????? ?????? ?????? ???? ????? ??? ???? ???? ???????? ??? ??? ??????? ?????? ????,??,?????? ??? ????????",1
??????? ????? ?? ??? ???? ????? ????,0
?????? ???? ??? ??? ????????? ? ???? ???,1
????????? ???? ????? ??? ???????,0
 ????? ???? ????? ????? ???????? ????,0
??????? ? ???? ?????? ????????? ???? ????? ?? ?? ??????? ? ???? ???? ?????,0
????? ?? ????? ???? ??? ??! ?????? ? ?????? ??! ??? ?????????? ???? ??????? ???????? ???? ??????? ????? expect ??? ???,0
??? ???????? ??????? ? ???????? ????? ????,0
???? ??? ?? ???? ????? ????? ?? ???? ?????? ????,1
???? ???? ??? ? ??????,1
??????? ? ???? ???? ??? ?? ???????,1
"????? ?? ???? ????, ???? ??? ???",1
 ??? ??? ??? ??? ??? ?????,1
?????? ????? ????? ????? ?? ???? ?????.. ?? ???? ??????.. ????? ??? ??? ?????..,0
"??? ????? ????? ???,????? ?????? ????? ???",0
????? ? ???? ????? ? ???? ?? ? ??? ??????? & ?????? ????? ???? ??,0
???? ??? ???? ?? ??,0
???? ???? ???????? ?????? ?? ???? ??? ??????? ???????? ????? ????,0
"???????? ?????? ??? ????, ???????? ?????? ???",1
???????? ??????? ??????? ?????? ??? ??????? ?? ?????,1
"???? ???? ??????? ??? ???, ??? ???????? ?????????? ??, ??? ???? ??? ????? ???? ??? ?????????, ????????? ?????? ?? ! ??? ??? ????? ????? ????? ??! ? ??????? ?? ???? ????? ????? ! ????? ?? ?????? ?????? ???? ???????",0
"??????? ????, ????? ??????? ??? ????? ???????? ?????? ??????? ??????? ????? ??? ???????? ????? ??? ?? ? ?????????? ????? ???? ????? ??? ???? ?????",0
???? ????? ????? ??? ??? ???????? ???? ???? ???????,0
?????? ???? ??? ????? ???? ?????? ??????? ???? ???????? ????? ???,0
???? ??????? ?????? ?????? ?? ??????? ??????? ???? ??? ???? ???? ????,0
?? ?????? ???? ???? ???? ???? ???? ?????? ? ???? ??? ????? ??? ????? ?????,0
 ?????????? ???? ???? ?? ??? ???? ???? ???? ????,1
 ??? ??????? ???? ??? ??? ??????? ???? ???,1
??? ???????? ??? ????,1
???? ??????? ?????? ????? ???? ???? ??????? ?? ???? ,1
??? ??? ????? ????,1
??? ??? ??????? ?? ??? ???,1
???????? ???????? ????????,1
??????? ????? ??????? ??? ????,1
